{
  "parent": "minecraft:recipes/root",
  "rewards": {
    "recipes": [
      "minecraft:cobbled_deepslate_stairs_from_cobbled_deepslate_stonecutting"
    ]
  },
  "criteria": {
    "has_cobbled_deepslate": {
      "trigger": "minecraft:inventory_changed",
      "conditions": {
        "items": [
          {
            "item": "minecraft:cobbled_deepslate"
          }
        ]
      }
    },
    "has_the_recipe": {
      "trigger": "minecraft:recipe_unlocked",
      "conditions": {
        "recipe": "minecraft:cobbled_deepslate_stairs_from_cobbled_deepslate_stonecutting"
      }
    }
  },
  "requirements": [
    [
      "has_cobbled_deepslate",
      "has_the_recipe"
    ]
  ]
}