{
  "parent": "minecraft:recipes/root",
  "rewards": {
    "recipes": [
      "minecraft:deepslate_tile_stairs_from_deepslate_tiles_stonecutting"
    ]
  },
  "criteria": {
    "has_deepslate_tiles": {
      "trigger": "minecraft:inventory_changed",
      "conditions": {
        "items": [
          {
            "item": "minecraft:deepslate_tiles"
          }
        ]
      }
    },
    "has_the_recipe": {
      "trigger": "minecraft:recipe_unlocked",
      "conditions": {
        "recipe": "minecraft:deepslate_tile_stairs_from_deepslate_tiles_stonecutting"
      }
    }
  },
  "requirements": [
    [
      "has_deepslate_tiles",
      "has_the_recipe"
    ]
  ]
}