{
  "parent": "minecraft:recipes/root",
  "rewards": {
    "recipes": [
      "minecraft:exposed_cut_copper_slab_from_exposed_cut_copper_stonecutting"
    ]
  },
  "criteria": {
    "has_exposed_cut_copper": {
      "trigger": "minecraft:inventory_changed",
      "conditions": {
        "items": [
          {
            "item": "minecraft:exposed_cut_copper"
          }
        ]
      }
    },
    "has_the_recipe": {
      "trigger": "minecraft:recipe_unlocked",
      "conditions": {
        "recipe": "minecraft:exposed_cut_copper_slab_from_exposed_cut_copper_stonecutting"
      }
    }
  },
  "requirements": [
    [
      "has_exposed_cut_copper",
      "has_the_recipe"
    ]
  ]
}