{
  "parent": "minecraft:recipes/root",
  "rewards": {
    "recipes": [
      "minecraft:waxed_exposed_copper_from_honeycomb"
    ]
  },
  "criteria": {
    "has_exposed_copper": {
      "trigger": "minecraft:inventory_changed",
      "conditions": {
        "items": [
          {
            "item": "minecraft:exposed_copper"
          }
        ]
      }
    },
    "has_the_recipe": {
      "trigger": "minecraft:recipe_unlocked",
      "conditions": {
        "recipe": "minecraft:waxed_exposed_copper_from_honeycomb"
      }
    }
  },
  "requirements": [
    [
      "has_exposed_copper",
      "has_the_recipe"
    ]
  ]
}