{
  "parent": "minecraft:adventure/throw_trident",
  "display": {
    "icon": {
      "item": "minecraft:trident",
      "nbt": "{Damage:0}"
    },
    "title": {
      "translate": "advancements.adventure.very_very_frightening.title"
    },
    "description": {
      "translate": "advancements.adventure.very_very_frightening.description"
    },
    "frame": "task",
    "show_toast": true,
    "announce_to_chat": true,
    "hidden": false
  },
  "criteria": {
    "struck_villager": {
      "trigger": "minecraft:channeled_lightning",
      "conditions": {
        "victims": [
          {
            "type": "minecraft:villager"
          }
        ]
      }
    }
  },
  "requirements": [
    [
      "struck_villager"
    ]
  ]
}