{
  "minecraft:ocean": {},
  "minecraft:plains": {},
  "minecraft:desert": {},
  "minecraft:mountains": {},
  "minecraft:forest": {},
  "minecraft:taiga": {},
  "minecraft:swamp": {},
  "minecraft:river": {},
  "minecraft:nether": {},
  "minecraft:the_end": {},
  "minecraft:frozen_ocean": {},
  "minecraft:frozen_river": {},
  "minecraft:snowy_tundra": {},
  "minecraft:snowy_mountains": {},
  "minecraft:mushroom_fields": {},
  "minecraft:mushroom_field_shore": {},
  "minecraft:beach": {},
  "minecraft:desert_hills": {},
  "minecraft:wooded_hills": {},
  "minecraft:taiga_hills": {},
  "minecraft:mountain_edge": {},
  "minecraft:jungle": {},
  "minecraft:jungle_hills": {},
  "minecraft:jungle_edge": {},
  "minecraft:deep_ocean": {},
  "minecraft:stone_shore": {},
  "minecraft:snowy_beach": {},
  "minecraft:birch_forest": {},
  "minecraft:birch_forest_hills": {},
  "minecraft:dark_forest": {},
  "minecraft:snowy_taiga": {},
  "minecraft:snowy_taiga_hills": {},
  "minecraft:giant_tree_taiga": {},
  "minecraft:giant_tree_taiga_hills": {},
  "minecraft:wooded_mountains": {},
  "minecraft:savanna": {},
  "minecraft:savanna_plateau": {},
  "minecraft:badlands": {},
  "minecraft:wooded_badlands_plateau": {},
  "minecraft:badlands_plateau": {},
  "minecraft:small_end_islands": {},
  "minecraft:end_midlands": {},
  "minecraft:end_highlands": {},
  "minecraft:end_barrens": {},
  "minecraft:warm_ocean": {},
  "minecraft:lukewarm_ocean": {},
  "minecraft:cold_ocean": {},
  "minecraft:deep_warm_ocean": {},
  "minecraft:deep_lukewarm_ocean": {},
  "minecraft:deep_cold_ocean": {},
  "minecraft:deep_frozen_ocean": {},
  "minecraft:the_void": {},
  "minecraft:sunflower_plains": {},
  "minecraft:desert_lakes": {},
  "minecraft:gravelly_mountains": {},
  "minecraft:flower_forest": {},
  "minecraft:taiga_mountains": {},
  "minecraft:swamp_hills": {},
  "minecraft:ice_spikes": {},
  "minecraft:modified_jungle": {},
  "minecraft:modified_jungle_edge": {},
  "minecraft:tall_birch_forest": {},
  "minecraft:tall_birch_hills": {},
  "minecraft:dark_forest_hills": {},
  "minecraft:snowy_taiga_mountains": {},
  "minecraft:giant_spruce_taiga": {},
  "minecraft:giant_spruce_taiga_hills": {},
  "minecraft:modified_gravelly_mountains": {},
  "minecraft:shattered_savanna": {},
  "minecraft:shattered_savanna_plateau": {},
  "minecraft:eroded_badlands": {},
  "minecraft:modified_wooded_badlands_plateau": {},
  "minecraft:modified_badlands_plateau": {},
  "minecraft:bamboo_jungle": {},
  "minecraft:bamboo_jungle_hills": {}
}