{
  "minecraft:acacia_button": {},
  "minecraft:acacia_door": {},
  "minecraft:acacia_fence_gate": {},
  "minecraft:acacia_pressure_plate": {},
  "minecraft:acacia_stairs": {},
  "minecraft:acacia_standing_sign": {},
  "minecraft:acacia_trapdoor": {},
  "minecraft:acacia_wall_sign": {},
  "minecraft:activator_rail": {},
  "minecraft:andesite_stairs": {},
  "minecraft:anvil": {},
  "minecraft:bamboo": {},
  "minecraft:bamboo_sapling": {},
  "minecraft:barrel": {},
  "minecraft:basalt": {},
  "minecraft:bed": {},
  "minecraft:bedrock": {},
  "minecraft:beetroot": {},
  "minecraft:bell": {},
  "minecraft:birch_button": {},
  "minecraft:birch_door": {},
  "minecraft:birch_fence_gate": {},
  "minecraft:birch_pressure_plate": {},
  "minecraft:birch_stairs": {},
  "minecraft:birch_standing_sign": {},
  "minecraft:birch_trapdoor": {},
  "minecraft:birch_wall_sign": {},
  "minecraft:black_candle": {},
  "minecraft:black_candle_cake": {},
  "minecraft:black_glazed_terracotta": {},
  "minecraft:blackstone_slab": {},
  "minecraft:blackstone_stairs": {},
  "minecraft:blast_furnace": {},
  "minecraft:blue_candle": {},
  "minecraft:blue_candle_cake": {},
  "minecraft:blue_glazed_terracotta": {},
  "minecraft:bone_block": {},
  "minecraft:brewing_stand": {},
  "minecraft:brick_stairs": {},
  "minecraft:brown_candle": {},
  "minecraft:brown_candle_cake": {},
  "minecraft:brown_glazed_terracotta": {},
  "minecraft:brown_mushroom_block": {},
  "minecraft:bubble_column": {},
  "minecraft:cactus": {},
  "minecraft:cake": {},
  "minecraft:campfire": {},
  "minecraft:candle": {},
  "minecraft:candle_cake": {},
  "minecraft:carpet": {},
  "minecraft:carrots": {},
  "minecraft:carved_pumpkin": {},
  "minecraft:cauldron": {},
  "minecraft:chain": {},
  "minecraft:chain_command_block": {},
  "minecraft:chalkboard": {},
  "minecraft:chemistry_table": {},
  "minecraft:chest": {},
  "minecraft:chorus_flower": {},
  "minecraft:cobbled_deepslate_slab": {},
  "minecraft:cobblestone_wall": {},
  "minecraft:cocoa": {},
  "minecraft:colored_torch_bp": {},
  "minecraft:colored_torch_rg": {},
  "minecraft:command_block": {},
  "minecraft:composter": {},
  "minecraft:concrete": {},
  "minecraft:concrete_powder": {},
  "minecraft:coral": {},
  "minecraft:coral_block": {},
  "minecraft:coral_fan": {},
  "minecraft:coral_fan_dead": {},
  "minecraft:coral_fan_hang": {},
  "minecraft:coral_fan_hang2": {},
  "minecraft:coral_fan_hang3": {},
  "minecraft:crimson_button": {},
  "minecraft:crimson_door": {},
  "minecraft:crimson_fence_gate": {},
  "minecraft:crimson_slab": {},
  "minecraft:crimson_stairs": {},
  "minecraft:crimson_standing_sign": {},
  "minecraft:crimson_stem": {},
  "minecraft:crimson_trapdoor": {},
  "minecraft:crimson_wall_sign": {},
  "minecraft:cut_copper_slab": {},
  "minecraft:cyan_candle": {},
  "minecraft:cyan_candle_cake": {},
  "minecraft:cyan_glazed_terracotta": {},
  "minecraft:dark_oak_button": {},
  "minecraft:dark_oak_door": {},
  "minecraft:dark_oak_fence_gate": {},
  "minecraft:dark_oak_pressure_plate": {},
  "minecraft:dark_oak_stairs": {},
  "minecraft:dark_oak_trapdoor": {},
  "minecraft:dark_prismarine_stairs": {},
  "minecraft:darkoak_standing_sign": {},
  "minecraft:darkoak_wall_sign": {},
  "minecraft:daylight_detector": {},
  "minecraft:daylight_detector_inverted": {},
  "minecraft:deepslate_brick_slab": {},
  "minecraft:deepslate_tile_slab": {},
  "minecraft:detector_rail": {},
  "minecraft:diorite_stairs": {},
  "minecraft:dirt": {},
  "minecraft:dispenser": {},
  "minecraft:double_plant": {},
  "minecraft:double_stone_block_slab": {},
  "minecraft:double_stone_block_slab2": {},
  "minecraft:double_stone_block_slab3": {},
  "minecraft:double_stone_block_slab4": {},
  "minecraft:double_wooden_slab": {},
  "minecraft:dropper": {},
  "minecraft:end_brick_stairs": {},
  "minecraft:end_portal_frame": {},
  "minecraft:end_rod": {},
  "minecraft:ender_chest": {},
  "minecraft:exposed_cut_copper_slab": {},
  "minecraft:farmland": {},
  "minecraft:fence": {},
  "minecraft:fence_gate": {},
  "minecraft:fire": {},
  "minecraft:flower_pot": {},
  "minecraft:flowing_lava": {},
  "minecraft:flowing_water": {},
  "minecraft:frame": {},
  "minecraft:frosted_ice": {},
  "minecraft:furnace": {},
  "minecraft:glow_lichen": {},
  "minecraft:golden_rail": {},
  "minecraft:granite_stairs": {},
  "minecraft:gray_candle": {},
  "minecraft:gray_candle_cake": {},
  "minecraft:gray_glazed_terracotta": {},
  "minecraft:green_candle": {},
  "minecraft:green_candle_cake": {},
  "minecraft:green_glazed_terracotta": {},
  "minecraft:grindstone": {},
  "minecraft:hard_stained_glass": {},
  "minecraft:hard_stained_glass_pane": {},
  "minecraft:hay_block": {},
  "minecraft:heavy_weighted_pressure_plate": {},
  "minecraft:hopper": {},
  "minecraft:iron_door": {},
  "minecraft:iron_trapdoor": {},
  "minecraft:jigsaw": {},
  "minecraft:jungle_button": {},
  "minecraft:jungle_door": {},
  "minecraft:jungle_fence_gate": {},
  "minecraft:jungle_pressure_plate": {},
  "minecraft:jungle_stairs": {},
  "minecraft:jungle_standing_sign": {},
  "minecraft:jungle_trapdoor": {},
  "minecraft:jungle_wall_sign": {},
  "minecraft:kelp": {},
  "minecraft:ladder": {},
  "minecraft:lantern": {},
  "minecraft:lava": {},
  "minecraft:lava_cauldron": {},
  "minecraft:leaves": {},
  "minecraft:leaves2": {},
  "minecraft:lectern": {},
  "minecraft:lever": {},
  "minecraft:light_block": {},
  "minecraft:light_blue_candle": {},
  "minecraft:light_blue_candle_cake": {},
  "minecraft:light_blue_glazed_terracotta": {},
  "minecraft:light_gray_candle": {},
  "minecraft:light_gray_candle_cake": {},
  "minecraft:light_weighted_pressure_plate": {},
  "minecraft:lime_candle": {},
  "minecraft:lime_candle_cake": {},
  "minecraft:lime_glazed_terracotta": {},
  "minecraft:lit_blast_furnace": {},
  "minecraft:lit_furnace": {},
  "minecraft:lit_pumpkin": {},
  "minecraft:lit_smoker": {},
  "minecraft:log": {},
  "minecraft:log2": {},
  "minecraft:loom": {},
  "minecraft:magenta_candle": {},
  "minecraft:magenta_candle_cake": {},
  "minecraft:magenta_glazed_terracotta": {},
  "minecraft:mangrove_button": {},
  "minecraft:mangrove_door": {},
  "minecraft:mangrove_fence_gate": {},
  "minecraft:mangrove_log": {},
  "minecraft:mangrove_slab": {},
  "minecraft:mangrove_stairs": {},
  "minecraft:mangrove_standing_sign": {},
  "minecraft:mangrove_trapdoor": {},
  "minecraft:mangrove_wall_sign": {},
  "minecraft:mangrove_wood": {},
  "minecraft:melon_stem": {},
  "minecraft:monster_egg": {},
  "minecraft:mossy_cobblestone_stairs": {},
  "minecraft:mossy_stone_brick_stairs": {},
  "minecraft:mud_brick_slab": {},
  "minecraft:muddy_mangrove_roots": {},
  "minecraft:nether_brick_stairs": {},
  "minecraft:nether_wart": {},
  "minecraft:normal_stone_stairs": {},
  "minecraft:oak_stairs": {},
  "minecraft:observer": {},
  "minecraft:orange_candle": {},
  "minecraft:orange_candle_cake": {},
  "minecraft:orange_glazed_terracotta": {},
  "minecraft:oxidized_cut_copper_slab": {},
  "minecraft:pink_candle": {},
  "minecraft:pink_candle_cake": {},
  "minecraft:pink_glazed_terracotta": {},
  "minecraft:piston": {},
  "minecraft:piston_arm_collision": {},
  "minecraft:planks": {},
  "minecraft:polished_andesite_stairs": {},
  "minecraft:polished_basalt": {},
  "minecraft:polished_blackstone_brick_slab": {},
  "minecraft:polished_blackstone_brick_stairs": {},
  "minecraft:polished_blackstone_button": {},
  "minecraft:polished_blackstone_pressure_plate": {},
  "minecraft:polished_blackstone_slab": {},
  "minecraft:polished_blackstone_stairs": {},
  "minecraft:polished_deepslate_slab": {},
  "minecraft:polished_diorite_stairs": {},
  "minecraft:polished_granite_stairs": {},
  "minecraft:portal": {},
  "minecraft:potatoes": {},
  "minecraft:powered_comparator": {},
  "minecraft:powered_repeater": {},
  "minecraft:prismarine": {},
  "minecraft:prismarine_bricks_stairs": {},
  "minecraft:prismarine_stairs": {},
  "minecraft:pumpkin": {},
  "minecraft:pumpkin_stem": {},
  "minecraft:purple_candle": {},
  "minecraft:purple_candle_cake": {},
  "minecraft:purple_glazed_terracotta": {},
  "minecraft:purpur_block": {},
  "minecraft:purpur_stairs": {},
  "minecraft:quartz_block": {},
  "minecraft:quartz_stairs": {},
  "minecraft:rail": {},
  "minecraft:red_candle": {},
  "minecraft:red_candle_cake": {},
  "minecraft:red_flower": {},
  "minecraft:red_glazed_terracotta": {},
  "minecraft:red_mushroom_block": {},
  "minecraft:red_nether_brick_stairs": {},
  "minecraft:red_sandstone": {},
  "minecraft:red_sandstone_stairs": {},
  "minecraft:redstone_torch": {},
  "minecraft:redstone_wire": {},
  "minecraft:reeds": {},
  "minecraft:repeating_command_block": {},
  "minecraft:respawn_anchor": {},
  "minecraft:sand": {},
  "minecraft:sandstone": {},
  "minecraft:sandstone_stairs": {},
  "minecraft:sapling": {},
  "minecraft:scaffolding": {},
  "minecraft:sea_pickle": {},
  "minecraft:seagrass": {},
  "minecraft:shulker_box": {},
  "minecraft:silver_glazed_terracotta": {},
  "minecraft:skull": {},
  "minecraft:smoker": {},
  "minecraft:smooth_quartz_stairs": {},
  "minecraft:smooth_red_sandstone_stairs": {},
  "minecraft:smooth_sandstone_stairs": {},
  "minecraft:snow_layer": {},
  "minecraft:soul_fire": {},
  "minecraft:soul_lantern": {},
  "minecraft:sponge": {},
  "minecraft:spruce_button": {},
  "minecraft:spruce_door": {},
  "minecraft:spruce_fence_gate": {},
  "minecraft:spruce_pressure_plate": {},
  "minecraft:spruce_stairs": {},
  "minecraft:spruce_standing_sign": {},
  "minecraft:spruce_trapdoor": {},
  "minecraft:spruce_wall_sign": {},
  "minecraft:stained_glass": {},
  "minecraft:stained_glass_pane": {},
  "minecraft:stained_hardened_clay": {},
  "minecraft:standing_banner": {},
  "minecraft:standing_sign": {},
  "minecraft:sticky_piston": {},
  "minecraft:sticky_piston_arm_collision": {},
  "minecraft:stone": {},
  "minecraft:stone_block_slab": {},
  "minecraft:stone_block_slab2": {},
  "minecraft:stone_block_slab3": {},
  "minecraft:stone_block_slab4": {},
  "minecraft:stone_brick_stairs": {},
  "minecraft:stone_button": {},
  "minecraft:stone_pressure_plate": {},
  "minecraft:stone_stairs": {},
  "minecraft:stonebrick": {},
  "minecraft:stonecutter_block": {},
  "minecraft:stripped_acacia_log": {},
  "minecraft:stripped_birch_log": {},
  "minecraft:stripped_crimson_hyphae": {},
  "minecraft:stripped_crimson_stem": {},
  "minecraft:stripped_dark_oak_log": {},
  "minecraft:stripped_jungle_log": {},
  "minecraft:stripped_mangrove_log": {},
  "minecraft:stripped_mangrove_wood": {},
  "minecraft:stripped_oak_log": {},
  "minecraft:stripped_spruce_log": {},
  "minecraft:stripped_warped_hyphae": {},
  "minecraft:stripped_warped_stem": {},
  "minecraft:structure_block": {},
  "minecraft:structure_void": {},
  "minecraft:sweet_berry_bush": {},
  "minecraft:tallgrass": {},
  "minecraft:tnt": {},
  "minecraft:torch": {},
  "minecraft:trapdoor": {},
  "minecraft:trapped_chest": {},
  "minecraft:trip_wire": {},
  "minecraft:tripwire_hook": {},
  "minecraft:turtle_egg": {},
  "minecraft:twisting_vines": {},
  "minecraft:underwater_torch": {},
  "minecraft:unlit_redstone_torch": {},
  "minecraft:unpowered_comparator": {},
  "minecraft:unpowered_repeater": {},
  "minecraft:vine": {},
  "minecraft:wall_banner": {},
  "minecraft:wall_sign": {},
  "minecraft:warped_button": {},
  "minecraft:warped_door": {},
  "minecraft:warped_fence_gate": {},
  "minecraft:warped_hyphae": {},
  "minecraft:warped_slab": {},
  "minecraft:warped_stairs": {},
  "minecraft:warped_standing_sign": {},
  "minecraft:warped_stem": {},
  "minecraft:warped_trapdoor": {},
  "minecraft:warped_wall_sign": {},
  "minecraft:water": {},
  "minecraft:waxed_cut_copper_slab": {},
  "minecraft:waxed_exposed_cut_copper_slab": {},
  "minecraft:waxed_oxidized_cut_copper_slab": {},
  "minecraft:waxed_weathered_cut_copper_slab": {},
  "minecraft:weathered_cut_copper_slab": {},
  "minecraft:weeping_vines": {},
  "minecraft:wheat": {},
  "minecraft:white_candle": {},
  "minecraft:white_candle_cake": {},
  "minecraft:white_glazed_terracotta": {},
  "minecraft:wood": {},
  "minecraft:wooden_button": {},
  "minecraft:wooden_door": {},
  "minecraft:wooden_pressure_plate": {},
  "minecraft:wooden_slab": {},
  "minecraft:wool": {},
  "minecraft:yellow_candle": {},
  "minecraft:yellow_candle_cake": {},
  "minecraft:yellow_glazed_terracotta": {}
}