{
  "parent": "minecraft:husbandry/breed_an_animal",
  "display": {
    "icon": {
      "item": "minecraft:golden_carrot"
    },
    "title": {
      "translate": "advancements.husbandry.breed_all_animals.title"
    },
    "description": {
      "translate": "advancements.husbandry.breed_all_animals.description"
    },
    "frame": "challenge",
    "show_toast": true,
    "announce_to_chat": true,
    "hidden": false
  },
  "rewards": {
    "experience": 100
  },
  "criteria": {
    "minecraft:horse": {
      "trigger": "minecraft:bred_animals",
      "conditions": {
        "parent": {
          "type": "minecraft:horse"
        }
      }
    },
    "minecraft:sheep": {
      "trigger": "minecraft:bred_animals",
      "conditions": {
        "parent": {
          "type": "minecraft:sheep"
        }
      }
    },
    "minecraft:cow": {
      "trigger": "minecraft:bred_animals",
      "conditions": {
        "parent": {
          "type": "minecraft:cow"
        }
      }
    },
    "minecraft:mooshroom": {
      "trigger": "minecraft:bred_animals",
      "conditions": {
        "parent": {
          "type": "minecraft:mooshroom"
        }
      }
    },
    "minecraft:pig": {
      "trigger": "minecraft:bred_animals",
      "conditions": {
        "parent": {
          "type": "minecraft:pig"
        }
      }
    },
    "minecraft:chicken": {
      "trigger": "minecraft:bred_animals",
      "conditions": {
        "parent": {
          "type": "minecraft:chicken"
        }
      }
    },
    "minecraft:wolf": {
      "trigger": "minecraft:bred_animals",
      "conditions": {
        "parent": {
          "type": "minecraft:wolf"
        }
      }
    },
    "minecraft:ocelot": {
      "trigger": "minecraft:bred_animals",
      "conditions": {
        "parent": {
          "type": "minecraft:ocelot"
        }
      }
    },
    "minecraft:rabbit": {
      "trigger": "minecraft:bred_animals",
      "conditions": {
        "parent": {
          "type": "minecraft:rabbit"
        }
      }
    },
    "minecraft:llama": {
      "trigger": "minecraft:bred_animals",
      "conditions": {
        "parent": {
          "type": "minecraft:llama"
        }
      }
    },
    "minecraft:turtle": {
      "trigger": "minecraft:bred_animals",
      "conditions": {
        "parent": {
          "type": "minecraft:turtle"
        }
      }
    },
    "minecraft:cat": {
      "trigger": "minecraft:bred_animals",
      "conditions": {
        "parent": {
          "type": "minecraft:cat"
        }
      }
    },
    "minecraft:panda": {
      "trigger": "minecraft:bred_animals",
      "conditions": {
        "parent": {
          "type": "minecraft:panda"
        }
      }
    },
    "minecraft:fox": {
      "trigger": "minecraft:bred_animals",
      "conditions": {
        "parent": {
          "type": "minecraft:fox"
        }
      }
    },
    "minecraft:bee": {
      "trigger": "minecraft:bred_animals",
      "conditions": {
        "parent": {
          "type": "minecraft:bee"
        }
      }
    },
    "minecraft:hoglin": {
      "trigger": "minecraft:bred_animals",
      "conditions": {
        "parent": {
          "type": "minecraft:hoglin"
        }
      }
    }
  },
  "requirements": [
    [
      "minecraft:horse"
    ],
    [
      "minecraft:sheep"
    ],
    [
      "minecraft:cow"
    ],
    [
      "minecraft:mooshroom"
    ],
    [
      "minecraft:pig"
    ],
    [
      "minecraft:chicken"
    ],
    [
      "minecraft:wolf"
    ],
    [
      "minecraft:ocelot"
    ],
    [
      "minecraft:rabbit"
    ],
    [
      "minecraft:llama"
    ],
    [
      "minecraft:turtle"
    ],
    [
      "minecraft:cat"
    ],
    [
      "minecraft:panda"
    ],
    [
      "minecraft:fox"
    ],
    [
      "minecraft:bee"
    ],
    [
      "minecraft:hoglin"
    ]
  ]
}