{
  "parent": "minecraft:recipes/root",
  "rewards": {
    "recipes": [
      "minecraft:netherite_sword"
    ]
  },
  "criteria": {
    "has_netherite_ingot": {
      "trigger": "minecraft:inventory_changed",
      "conditions": {
        "items": [
          {
            "item": "minecraft:netherite_ingot"
          }
        ]
      }
    },
    "has_the_recipe": {
      "trigger": "minecraft:recipe_unlocked",
      "conditions": {
        "recipe": "minecraft:netherite_sword"
      }
    }
  },
  "requirements": [
    [
      "has_netherite_ingot",
      "has_the_recipe"
    ]
  ]
}