{
  "minecraft:ocean": {},
  "minecraft:plains": {},
  "minecraft:desert": {},
  "minecraft:extreme_hills": {},
  "minecraft:forest": {},
  "minecraft:taiga": {},
  "minecraft:swampland": {},
  "minecraft:river": {},
  "minecraft:hell": {},
  "minecraft:sky": {},
  "minecraft:frozen_ocean": {},
  "minecraft:frozen_river": {},
  "minecraft:ice_flats": {},
  "minecraft:ice_mountains": {},
  "minecraft:mushroom_island": {},
  "minecraft:mushroom_island_shore": {},
  "minecraft:beach": {},
  "minecraft:desert_hills": {},
  "minecraft:forest_hills": {},
  "minecraft:taiga_hills": {},
  "minecraft:smaller_extreme_hills": {},
  "minecraft:jungle": {},
  "minecraft:jungle_hills": {},
  "minecraft:jungle_edge": {},
  "minecraft:deep_ocean": {},
  "minecraft:stone_beach": {},
  "minecraft:cold_beach": {},
  "minecraft:birch_forest": {},
  "minecraft:birch_forest_hills": {},
  "minecraft:roofed_forest": {},
  "minecraft:taiga_cold": {},
  "minecraft:taiga_cold_hills": {},
  "minecraft:redwood_taiga": {},
  "minecraft:redwood_taiga_hills": {},
  "minecraft:extreme_hills_with_trees": {},
  "minecraft:savanna": {},
  "minecraft:savanna_rock": {},
  "minecraft:mesa": {},
  "minecraft:mesa_rock": {},
  "minecraft:mesa_clear_rock": {},
  "minecraft:sky_island_low": {},
  "minecraft:sky_island_medium": {},
  "minecraft:sky_island_high": {},
  "minecraft:sky_island_barren": {},
  "minecraft:warm_ocean": {},
  "minecraft:lukewarm_ocean": {},
  "minecraft:cold_ocean": {},
  "minecraft:warm_deep_ocean": {},
  "minecraft:lukewarm_deep_ocean": {},
  "minecraft:cold_deep_ocean": {},
  "minecraft:frozen_deep_ocean": {},
  "minecraft:the_void": {},
  "minecraft:mutated_plains": {},
  "minecraft:mutated_desert": {},
  "minecraft:mutated_extreme_hills": {},
  "minecraft:mutated_forest": {},
  "minecraft:mutated_taiga": {},
  "minecraft:mutated_swampland": {},
  "minecraft:mutated_ice_flats": {},
  "minecraft:mutated_jungle": {},
  "minecraft:mutated_jungle_edge": {},
  "minecraft:mutated_birch_forest": {},
  "minecraft:mutated_birch_forest_hills": {},
  "minecraft:mutated_roofed_forest": {},
  "minecraft:mutated_taiga_cold": {},
  "minecraft:mutated_redwood_taiga": {},
  "minecraft:mutated_redwood_taiga_hills": {},
  "minecraft:mutated_extreme_hills_with_trees": {},
  "minecraft:mutated_savanna": {},
  "minecraft:mutated_savanna_rock": {},
  "minecraft:mutated_mesa": {},
  "minecraft:mutated_mesa_rock": {},
  "minecraft:mutated_mesa_clear_rock": {}
}