{
  "minecraft:furnace": {
    "protocol_id": 0
  },
  "minecraft:chest": {
    "protocol_id": 1
  },
  "minecraft:trapped_chest": {
    "protocol_id": 2
  },
  "minecraft:ender_chest": {
    "protocol_id": 3
  },
  "minecraft:jukebox": {
    "protocol_id": 4
  },
  "minecraft:dispenser": {
    "protocol_id": 5
  },
  "minecraft:dropper": {
    "protocol_id": 6
  },
  "minecraft:sign": {
    "protocol_id": 7
  },
  "minecraft:mob_spawner": {
    "protocol_id": 8
  },
  "minecraft:piston": {
    "protocol_id": 9
  },
  "minecraft:brewing_stand": {
    "protocol_id": 10
  },
  "minecraft:enchanting_table": {
    "protocol_id": 11
  },
  "minecraft:end_portal": {
    "protocol_id": 12
  },
  "minecraft:beacon": {
    "protocol_id": 13
  },
  "minecraft:skull": {
    "protocol_id": 14
  },
  "minecraft:daylight_detector": {
    "protocol_id": 15
  },
  "minecraft:hopper": {
    "protocol_id": 16
  },
  "minecraft:comparator": {
    "protocol_id": 17
  },
  "minecraft:banner": {
    "protocol_id": 18
  },
  "minecraft:structure_block": {
    "protocol_id": 19
  },
  "minecraft:end_gateway": {
    "protocol_id": 20
  },
  "minecraft:command_block": {
    "protocol_id": 21
  },
  "minecraft:shulker_box": {
    "protocol_id": 22
  },
  "minecraft:bed": {
    "protocol_id": 23
  },
  "minecraft:conduit": {
    "protocol_id": 24
  }
}