{
  "minecraft:lightning_bolt": {
    "spawnable": true,
    "targetable": false,
    "living": false,
    "hostile": false
  },
  "minecraft:player": {
    "spawnable": false,
    "targetable": true,
    "living": true,
    "hostile": false
  },
  "minecraft:area_effect_cloud": {
    "spawnable": true,
    "targetable": true,
    "living": false,
    "hostile": false
  },
  "minecraft:armor_stand": {
    "spawnable": true,
    "targetable": true,
    "living": false,
    "hostile": false
  },
  "minecraft:arrow": {
    "spawnable": true,
    "targetable": true,
    "living": false,
    "hostile": false,
    "projectile": true
  },
  "minecraft:bat": {
    "spawnable": true,
    "targetable": true,
    "living": true,
    "hostile": false
  },
  "minecraft:blaze": {
    "spawnable": true,
    "targetable": true,
    "living": true,
    "hostile": true
  },
  "minecraft:boat": {
    "spawnable": true,
    "targetable": true,
    "living": false,
    "hostile": false
  },
  "minecraft:cave_spider": {
    "spawnable": true,
    "targetable": true,
    "living": true,
    "hostile": true
  },
  "minecraft:chest_minecart": {
    "spawnable": true,
    "targetable": true,
    "living": false,
    "hostile": false,
    "minecart": true
  },
  "minecraft:chicken": {
    "spawnable": true,
    "targetable": true,
    "living": true,
    "hostile": false,
    "breedable": true
  },
  "minecraft:cod": {
    "spawnable": true,
    "targetable": true,
    "living": true,
    "hostile": false
  },
  "minecraft:command_block_minecart": {
    "spawnable": true,
    "targetable": true,
    "living": false,
    "hostile": false,
    "minecart": true
  },
  "minecraft:cow": {
    "spawnable": true,
    "targetable": true,
    "living": true,
    "hostile": false,
    "breedable": true
  },
  "minecraft:creeper": {
    "spawnable": true,
    "targetable": true,
    "living": true,
    "hostile": true
  },
  "minecraft:dolphin": {
    "spawnable": true,
    "targetable": true,
    "living": true,
    "hostile": false
  },
  "minecraft:donkey": {
    "spawnable": true,
    "targetable": true,
    "living": true,
    "hostile": false,
    "tamable": true,
    "breedable": true
  },
  "minecraft:dragon_fireball": {
    "spawnable": true,
    "targetable": true,
    "living": false,
    "hostile": false,
    "projectile": true
  },
  "minecraft:drowned": {
    "spawnable": true,
    "targetable": true,
    "living": true,
    "hostile": true,
    "undead": true
  },
  "minecraft:egg": {
    "spawnable": true,
    "targetable": true,
    "living": false,
    "hostile": false,
    "projectile": true
  },
  "minecraft:elder_guardian": {
    "spawnable": true,
    "targetable": true,
    "living": true,
    "hostile": true
  },
  "minecraft:end_crystal": {
    "spawnable": true,
    "targetable": true,
    "living": false,
    "hostile": false
  },
  "minecraft:ender_dragon": {
    "spawnable": true,
    "targetable": true,
    "living": true,
    "hostile": false
  },
  "minecraft:ender_pearl": {
    "spawnable": true,
    "targetable": true,
    "living": false,
    "hostile": false,
    "projectile": true
  },
  "minecraft:enderman": {
    "spawnable": true,
    "targetable": true,
    "living": true,
    "hostile": true
  },
  "minecraft:endermite": {
    "spawnable": true,
    "targetable": true,
    "living": true,
    "hostile": true
  },
  "minecraft:evoker_fangs": {
    "spawnable": true,
    "targetable": true,
    "living": false,
    "hostile": false
  },
  "minecraft:evoker": {
    "spawnable": true,
    "targetable": true,
    "living": true,
    "hostile": true
  },
  "minecraft:eye_of_ender": {
    "spawnable": true,
    "targetable": true,
    "living": false,
    "hostile": false,
    "projectile": true
  },
  "minecraft:falling_block": {
    "spawnable": true,
    "targetable": true,
    "living": false,
    "hostile": false
  },
  "minecraft:fireball": {
    "spawnable": true,
    "targetable": true,
    "living": false,
    "hostile": false,
    "projectile": true
  },
  "minecraft:firework_rocket": {
    "spawnable": true,
    "targetable": true,
    "living": false,
    "hostile": false
  },
  "minecraft:fishing_bobber": {
    "spawnable": false,
    "targetable": true,
    "living": false,
    "hostile": false
  },
  "minecraft:furnace_minecart": {
    "spawnable": true,
    "targetable": true,
    "living": false,
    "hostile": false,
    "minecart": true
  },
  "minecraft:ghast": {
    "spawnable": true,
    "targetable": true,
    "living": true,
    "hostile": true
  },
  "minecraft:giant": {
    "spawnable": true,
    "targetable": true,
    "living": true,
    "hostile": true,
    "undead": true
  },
  "minecraft:guardian": {
    "spawnable": true,
    "targetable": true,
    "living": true,
    "hostile": true
  },
  "minecraft:hopper_minecart": {
    "spawnable": true,
    "targetable": true,
    "living": false,
    "hostile": false,
    "minecart": true
  },
  "minecraft:horse": {
    "spawnable": true,
    "targetable": true,
    "living": true,
    "hostile": false,
    "tamable": true,
    "breedable": true
  },
  "minecraft:husk": {
    "spawnable": true,
    "targetable": true,
    "living": true,
    "hostile": true,
    "undead": true
  },
  "minecraft:illusioner": {
    "spawnable": true,
    "targetable": true,
    "living": true,
    "hostile": true
  },
  "minecraft:item": {
    "spawnable": true,
    "targetable": true,
    "living": false,
    "hostile": false
  },
  "minecraft:item_frame": {
    "spawnable": true,
    "targetable": true,
    "living": false,
    "hostile": false
  },
  "minecraft:leash_knot": {
    "spawnable": true,
    "targetable": true,
    "living": false,
    "hostile": false
  },
  "minecraft:llama": {
    "spawnable": true,
    "targetable": true,
    "living": true,
    "hostile": false,
    "tamable": true,
    "breedable": true
  },
  "minecraft:llama_spit": {
    "spawnable": true,
    "targetable": true,
    "living": false,
    "hostile": false,
    "projectile": true
  },
  "minecraft:magma_cube": {
    "spawnable": true,
    "targetable": true,
    "living": true,
    "hostile": true
  },
  "minecraft:minecart": {
    "spawnable": true,
    "targetable": true,
    "living": false,
    "hostile": false,
    "minecart": true
  },
  "minecraft:mooshroom": {
    "spawnable": true,
    "targetable": true,
    "living": true,
    "hostile": false,
    "breedable": true
  },
  "minecraft:mule": {
    "spawnable": true,
    "targetable": true,
    "living": true,
    "hostile": false,
    "tamable": true,
    "breedable": true
  },
  "minecraft:ocelot": {
    "spawnable": true,
    "targetable": true,
    "living": true,
    "hostile": false,
    "tamable": true,
    "breedable": true
  },
  "minecraft:painting": {
    "spawnable": true,
    "targetable": true,
    "living": false,
    "hostile": false
  },
  "minecraft:parrot": {
    "spawnable": true,
    "targetable": true,
    "living": true,
    "hostile": false,
    "tamable": true
  },
  "minecraft:phantom": {
    "spawnable": true,
    "targetable": true,
    "living": true,
    "hostile": true,
    "undead": true
  },
  "minecraft:pig": {
    "spawnable": true,
    "targetable": true,
    "living": true,
    "hostile": false,
    "breedable": true
  },
  "minecraft:polar_bear": {
    "spawnable": true,
    "targetable": true,
    "breedable": true,
    "living": true,
    "hostile": false
  },
  "minecraft:potion": {
    "spawnable": true,
    "targetable": true,
    "living": false,
    "hostile": false,
    "projectile": true
  },
  "minecraft:pufferfish": {
    "spawnable": true,
    "targetable": true,
    "living": true,
    "hostile": false
  },
  "minecraft:rabbit": {
    "spawnable": true,
    "targetable": true,
    "living": true,
    "hostile": false,
    "breedable": true
  },
  "minecraft:salmon": {
    "spawnable": true,
    "targetable": true,
    "living": true,
    "hostile": false
  },
  "minecraft:sheep": {
    "spawnable": true,
    "targetable": true,
    "living": true,
    "hostile": false,
    "breedable": true
  },
  "minecraft:shulker": {
    "spawnable": true,
    "targetable": true,
    "living": true,
    "hostile": true
  },
  "minecraft:shulker_bullet": {
    "spawnable": true,
    "targetable": true,
    "living": false,
    "hostile": false,
    "projectile": false
  },
  "minecraft:silverfish": {
    "spawnable": true,
    "targetable": true,
    "living": true,
    "hostile": true
  },
  "minecraft:skeleton": {
    "spawnable": true,
    "targetable": true,
    "living": true,
    "hostile": true,
    "undead": true
  },
  "minecraft:skeleton_horse": {
    "spawnable": true,
    "targetable": true,
    "living": true,
    "hostile": false,
    "undead": true,
    "tamable": true,
    "breedable": true
  },
  "minecraft:slime": {
    "spawnable": true,
    "targetable": true,
    "living": true,
    "hostile": true
  },
  "minecraft:small_fireball": {
    "spawnable": true,
    "targetable": true,
    "living": false,
    "hostile": false,
    "projectile": true
  },
  "minecraft:snowball": {
    "spawnable": true,
    "targetable": true,
    "living": false,
    "hostile": false,
    "projectile": true
  },
  "minecraft:snow_golem": {
    "spawnable": true,
    "targetable": true,
    "living": true,
    "hostile": false
  },
  "minecraft:spawner_minecart": {
    "spawnable": true,
    "targetable": true,
    "living": false,
    "hostile": false,
    "minecart": true
  },
  "minecraft:spectral_arrow": {
    "spawnable": true,
    "targetable": true,
    "living": false,
    "hostile": false,
    "projectile": true
  },
  "minecraft:spider": {
    "spawnable": true,
    "targetable": true,
    "living": true,
    "hostile": true
  },
  "minecraft:squid": {
    "spawnable": true,
    "targetable": true,
    "living": true,
    "hostile": false
  },
  "minecraft:stray": {
    "spawnable": true,
    "targetable": true,
    "living": true,
    "hostile": true,
    "undead": true
  },
  "minecraft:tnt": {
    "spawnable": true,
    "targetable": true,
    "living": false,
    "hostile": false
  },
  "minecraft:tnt_minecart": {
    "spawnable": true,
    "targetable": true,
    "living": false,
    "hostile": false,
    "minecart": true
  },
  "minecraft:trident": {
    "spawnable": true,
    "targetable": true,
    "living": false,
    "hostile": false,
    "projectile": true
  },
  "minecraft:tropical_fish": {
    "spawnable": true,
    "targetable": true,
    "living": true,
    "hostile": false
  },
  "minecraft:turtle": {
    "spawnable": true,
    "targetable": true,
    "living": true,
    "hostile": false,
    "breedable": true
  },
  "minecraft:vex": {
    "spawnable": true,
    "targetable": true,
    "living": true,
    "hostile": true
  },
  "minecraft:villager": {
    "spawnable": true,
    "targetable": true,
    "living": true,
    "hostile": false,
    "breedable": true
  },
  "minecraft:iron_golem": {
    "spawnable": true,
    "targetable": true,
    "living": true,
    "hostile": false
  },
  "minecraft:vindicator": {
    "spawnable": true,
    "targetable": true,
    "living": true,
    "hostile": true
  },
  "minecraft:witch": {
    "spawnable": true,
    "targetable": true,
    "living": true,
    "hostile": true
  },
  "minecraft:wither": {
    "spawnable": true,
    "targetable": true,
    "living": true,
    "hostile": false,
    "undead": true
  },
  "minecraft:wither_skeleton": {
    "spawnable": true,
    "targetable": true,
    "living": true,
    "hostile": true,
    "undead": true
  },
  "minecraft:wither_skull": {
    "spawnable": true,
    "targetable": true,
    "living": false,
    "hostile": false,
    "projectile": true
  },
  "minecraft:wolf": {
    "spawnable": true,
    "targetable": true,
    "living": true,
    "hostile": false,
    "tamable": true,
    "breedable": true
  },
  "minecraft:experience_bottle": {
    "spawnable": true,
    "targetable": true,
    "living": false,
    "hostile": false,
    "projectile": true
  },
  "minecraft:experience_orb": {
    "spawnable": true,
    "targetable": true,
    "living": false,
    "hostile": false
  },
  "minecraft:zombie": {
    "spawnable": true,
    "targetable": true,
    "living": true,
    "hostile": true,
    "undead": true
  },
  "minecraft:zombie_horse": {
    "spawnable": true,
    "targetable": true,
    "living": true,
    "hostile": false,
    "undead": true,
    "tamable": true,
    "breedable": true
  },
  "minecraft:zombie_pigman": {
    "spawnable": true,
    "targetable": true,
    "living": true,
    "hostile": true,
    "undead": true
  },
  "minecraft:zombie_villager": {
    "spawnable": true,
    "targetable": true,
    "living": true,
    "hostile": true,
    "undead": true
  }
}