{
  "belowName": {},
  "list": {},
  "sidebar": {},
  "sidebar.team.aqua":  {},
  "sidebar.team.black": {},
  "sidebar.team.blue":  {},
  "sidebar.team.dark_aqua": {},
  "sidebar.team.dark_blue":  {},
  "sidebar.team.dark_gray": {},
  "sidebar.team.dark_green":  {},
  "sidebar.team.dark_purple": {},
  "sidebar.team.dark_red":  {},
  "sidebar.team.gold": {},
  "sidebar.team.gray":  {},
  "sidebar.team.green": {},
  "sidebar.team.light_purple":  {},
  "sidebar.team.red": {},
  "sidebar.team.white":  {},
  "sidebar.team.yellow": {}
}