{
  "parent": "minecraft:nether/all_potions",
  "display": {
    "icon": {
      "item": "minecraft:bucket"
    },
    "title": {
      "translate": "advancements.nether.all_effects.title"
    },
    "description": {
      "translate": "advancements.nether.all_effects.description"
    },
    "frame": "challenge",
    "show_toast": true,
    "announce_to_chat": true,
    "hidden": true
  },
  "rewards": {
    "experience": 1000
  },
  "criteria": {
    "all_effects": {
      "trigger": "minecraft:effects_changed",
      "conditions": {
        "effects": {
          "minecraft:glowing": {},
          "minecraft:jump_boost": {},
          "minecraft:water_breathing": {},
          "minecraft:haste": {},
          "minecraft:bad_omen": {},
          "minecraft:regeneration": {},
          "minecraft:absorption": {},
          "minecraft:hunger": {},
          "minecraft:dolphins_grace": {},
          "minecraft:hero_of_the_village": {},
          "minecraft:night_vision": {},
          "minecraft:conduit_power": {},
          "minecraft:fire_resistance": {},
          "minecraft:wither": {},
          "minecraft:levitation": {},
          "minecraft:nausea": {},
          "minecraft:slowness": {},
          "minecraft:invisibility": {},
          "minecraft:resistance": {},
          "minecraft:slow_falling": {},
          "minecraft:blindness": {},
          "minecraft:mining_fatigue": {},
          "minecraft:speed": {},
          "minecraft:strength": {},
          "minecraft:weakness": {},
          "minecraft:poison": {}
        }
      }
    }
  },
  "requirements": [
    [
      "all_effects"
    ]
  ]
}