{
  "parent": "minecraft:nether/brew_potion",
  "display": {
    "icon": {
      "item": "minecraft:milk_bucket"
    },
    "title": {
      "translate": "advancements.nether.all_potions.title"
    },
    "description": {
      "translate": "advancements.nether.all_potions.description"
    },
    "frame": "challenge",
    "show_toast": true,
    "announce_to_chat": true,
    "hidden": false
  },
  "rewards": {
    "experience": 100
  },
  "criteria": {
    "all_effects": {
      "trigger": "minecraft:effects_changed",
      "conditions": {
        "effects": {
          "minecraft:fire_resistance": {},
          "minecraft:jump_boost": {},
          "minecraft:slowness": {},
          "minecraft:water_breathing": {},
          "minecraft:invisibility": {},
          "minecraft:resistance": {},
          "minecraft:slow_falling": {},
          "minecraft:speed": {},
          "minecraft:strength": {},
          "minecraft:regeneration": {},
          "minecraft:weakness": {},
          "minecraft:night_vision": {},
          "minecraft:poison": {}
        }
      }
    }
  },
  "requirements": [
    [
      "all_effects"
    ]
  ]
}